eta,f'(eta)
0.0,0.0
0.00800266755585,0.00265734173848
0.0160053351117,0.00531468329042
0.0240080026676,0.007972024351
0.0320106702234,0.0106293642724
0.0400133377793,0.013286702075
0.0480160053351,0.0159440366428
0.056018672891,0.0186013670338
0.0640213404468,0.0212586923059
0.0720240080027,0.0239160107249
0.0800266755585,0.0265733193434
0.0880293431144,0.029230616271
0.0960320106702,0.0318878996479
0.104034678226,0.034545167497
0.112037345782,0.037202415965
0.120040013338,0.0398596417028
0.128042680894,0.0425168418422
0.136045348449,0.0451740135149
0.144048016005,0.0478311512418
0.152050683561,0.050488254749
0.160053351117,0.0531453161987
0.168056018673,0.0558023322024
0.176058686229,0.0584592990593
0.184061353785,0.0611162112906
0.19206402134,0.0637730636234
0.200066688896,0.0664298509352
0.208069356452,0.0690865677976
0.216072024008,0.0717432084761
0.224074691564,0.0743997669308
0.23207735912,0.0770562368155
0.240080026676,0.0797126114784
0.248082694231,0.0823688842247
0.256085361787,0.0850250487725
0.264088029343,0.0876810980114
0.272090696899,0.0903370245178
0.280093364455,0.0929928206042
0.288096032011,0.0956484783191
0.296098699567,0.098303989447
0.304101367122,0.100959345509
0.312104034678,0.103614537764
0.320106702234,0.106269557837
0.32810936979,0.108924397187
0.336112037346,0.11157904668
0.344114704902,0.114233496956
0.352117372457,0.116887738433
0.360120040013,0.119541761303
0.368122707569,0.122195555533
0.376125375125,0.124849110866
0.384128042681,0.127502416825
0.392130710237,0.130155462735
0.400133377793,0.132808237684
0.408136045348,0.13546073053
0.416138712904,0.13811292991
0.42414138046,0.140764824238
0.432144048016,0.143416401701
0.440146715572,0.146067650269
0.448149383128,0.148718557682
0.456152050684,0.151369111429
0.464154718239,0.15401929899
0.472157385795,0.156669107364
0.480160053351,0.15931852343
0.488162720907,0.161967533844
0.496165388463,0.164616125037
0.504168056019,0.167264283223
0.512170723575,0.169911994389
0.52017339113,0.172559244309
0.528176058686,0.175206018597
0.536178726242,0.177852302629
0.544181393798,0.18049808154
0.552184061354,0.183143340247
0.56018672891,0.18578806345
0.568189396465,0.188432235635
0.576192064021,0.191075841068
0.584194731577,0.193718863802
0.592197399133,0.196361287675
0.600200066689,0.199003096308
0.608202734245,0.201644273109
0.616205401801,0.204284801271
0.624208069356,0.206924663775
0.632210736912,0.209563843434
0.640213404468,0.212202322883
0.648216072024,0.214840084498
0.65621873958,0.217477110444
0.664221407136,0.220113382679
0.672224074692,0.222748882953
0.680226742247,0.225383592811
0.688229409803,0.22801749359
0.696232077359,0.230650566422
0.704234744915,0.233282792235
0.712237412471,0.235914151751
0.720240080027,0.238544625489
0.728242747583,0.241174193763
0.736245415138,0.243802836697
0.744248082694,0.246430534249
0.75225075025,0.249057266148
0.760253417806,0.25168301192
0.768256085362,0.254307750895
0.776258752918,0.2569314622
0.784261420473,0.25955412477
0.792264088029,0.262175717339
0.800266755585,0.264796218449
0.808269423141,0.267415606444
0.816272090697,0.270033859474
0.824274758253,0.272650955496
0.832277425809,0.275266872273
0.840280093364,0.277881587378
0.84828276092,0.280495078278
0.856285428476,0.283107322232
0.864288096032,0.285718296274
0.872290763588,0.288327977255
0.880293431144,0.290936341841
0.8882960987,0.293543366513
0.896298766255,0.296149027571
0.904301433811,0.298753301132
0.912304101367,0.30135616313
0.920306768923,0.303957589321
0.928309436479,0.306557555278
0.936312104035,0.3091560364
0.944314771591,0.311753007904
0.952317439146,0.314348444893
0.960320106702,0.316942322357
0.968322774258,0.319534615037
0.976325441814,0.322125297501
0.98432810937,0.32471434415
0.992330776926,0.327301729219
1.00033344448,0.329887426777
1.00833611204,0.332471410727
1.01633877959,0.335053654811
1.02434144715,0.337634132606
1.0323441147,0.340212817529
1.04034678226,0.342789682838
1.04834944982,0.345364701629
1.05635211737,0.347937846986
1.06435478493,0.350509091541
1.07235745248,0.353078408171
1.08036012004,0.355645769396
1.0883627876,0.358211147592
1.09636545515,0.360774514987
1.10436812271,0.363335843667
1.11237079026,0.365895105575
1.12037345782,0.36845227251
1.12837612538,0.371007316132
1.13637879293,0.373560207961
1.14438146049,0.376110919381
1.15238412804,0.378659421637
1.1603867956,0.381205685842
1.16838946315,0.383749683095
1.17639213071,0.386291384341
1.18439479827,0.388830760348
1.19239746582,0.391367781757
1.20040013338,0.393902419087
1.20840280093,0.39643464274
1.21640546849,0.398964422998
1.22440813605,0.401491730026
1.2324108036,0.404016533878
1.24041347116,0.406538804493
1.24841613871,0.4090585117
1.25641880627,0.411575625222
1.26442147382,0.414090114674
1.27242414138,0.416601949568
1.28042680894,0.419111099314
1.28842947649,0.421617533222
1.29643214405,0.42412122052
1.3044348116,0.426622130405
1.31243747916,0.429120231935
1.32044014672,0.431615494072
1.32844281427,0.434107885693
1.33644548183,0.436597375593
1.34444814938,0.439083932489
1.35245081694,0.441567525017
1.36045348449,0.444048121741
1.36845615205,0.446525691152
1.37645881961,0.449000201674
1.38446148716,0.451471621662
1.39246415472,0.453939919409
1.40046682227,0.456405063146
1.40846948983,0.458867021049
1.41647215739,0.461325761236
1.42447482494,0.463781251775
1.4324774925,0.46623346058
1.44048016005,0.468682355475
1.44848282761,0.471127904332
1.45648549517,0.473570074973
1.46448816272,0.476008835177
1.47249083028,0.478444152682
1.48049349783,0.480875995187
1.48849616539,0.483304330354
1.49649883294,0.485729125814
1.5045015005,0.488150349165
1.51250416806,0.490567967978
1.52050683561,0.492981949801
1.52850950317,0.495392262159
1.53651217072,0.497798872557
1.54451483828,0.500201748485
1.55251750584,0.50260085742
1.56052017339,0.50499616682
1.56852284095,0.507387644066
1.5765255085,0.509775256571
1.58452817606,0.51215897176
1.59253084361,0.514538757055
1.60053351117,0.516914579882
1.60853617873,0.519286407668
1.61653884628,0.521654207849
1.62454151384,0.524017947872
1.63254418139,0.526377595194
1.64054684895,0.52873311729
1.64854951651,0.531084481654
1.65655218406,0.533431655799
1.66455485162,0.535774607267
1.67255751917,0.538113303625
1.68056018673,0.540447712472
1.68856285428,0.54277780144
1.69656552184,0.545103538178
1.7045681894,0.54742489035
1.71257085695,0.54974182569
1.72057352451,0.552054311978
1.72857619206,0.554362317044
1.73657885962,0.556665808765
1.74458152718,0.558964755072
1.75258419473,0.561259123954
1.76058686229,0.563548883457
1.76858952984,0.565834001693
1.7765921974,0.568114446836
1.78459486495,0.570390187131
1.79259753251,0.572661190894
1.80060020007,0.574927426516
1.80860286762,0.577188862467
1.81660553518,0.579445467297
1.82460820273,0.581697209639
1.83261087029,0.583944058163
1.84061353785,0.586185981639
1.8486162054,0.588422948955
1.85661887296,0.590654929088
1.86462154051,0.592881891118
1.87262420807,0.595103804222
1.88062687563,0.597320637682
1.88862954318,0.599532360887
1.89663221074,0.601738943336
1.90463487829,0.603940354642
1.91263754585,0.606136564533
1.9206402134,0.608327542857
1.92864288096,0.610513259584
1.93664554852,0.612693684811
1.94464821607,0.614868788763
1.95265088363,0.617038541796
1.96065355118,0.619202914403
1.96865621874,0.621361877089
1.9766588863,0.623515400622
1.98466155385,0.625663455888
1.99266422141,0.627806013919
2.00066688896,0.629943045896
2.00866955652,0.632074523147
2.01667222407,0.634200417156
2.02467489163,0.636320699564
2.03267755919,0.638435342171
2.04068022674,0.640544316939
2.0486828943,0.642647595997
2.05668556185,0.644745151642
2.06468822941,0.646836956342
2.07269089697,0.648922982741
2.08069356452,0.65100320366
2.08869623208,0.653077592101
2.09669889963,0.655146121185
2.10470156719,0.657208764211
2.11270423474,0.659265494711
2.1207069023,0.661316286404
2.12870956986,0.663361113204
2.13671223741,0.665399949218
2.14471490497,0.667432768749
2.15271757252,0.669459546303
2.16072024008,0.671480256587
2.16872290764,0.673494874514
2.17672557519,0.675503375206
2.18472824275,0.677505733994
2.1927309103,0.679501926424
2.20073357786,0.681491928259
2.20873624542,0.683475715479
2.21673891297,0.685453264286
2.22474158053,0.687424551107
2.23274424808,0.689389552594
2.24074691564,0.69134824563
2.24874958319,0.693300607309
2.25675225075,0.695246614898
2.26475491831,0.697186245953
2.27275758586,0.699119478269
2.28076025342,0.701046289882
2.28876292097,0.702966659067
2.29676558853,0.704880564342
2.30476825609,0.70678798447
2.31277092364,0.708688898461
2.3207735912,0.710583285574
2.32877625875,0.712471125319
2.33677892631,0.71435239746
2.34478159386,0.716227082013
2.35278426142,0.718095159255
2.36078692898,0.719956609719
2.36878959653,0.721811414198
2.37679226409,0.723659553751
2.38479493164,0.725501009697
2.3927975992,0.727335763623
2.40080026676,0.729163797387
2.40880293431,0.730985093178
2.41680560187,0.732799633436
2.42480826942,0.734607400853
2.43281093698,0.736408378397
2.44081360453,0.738202549314
2.44881627209,0.739989897132
2.45681893965,0.741770405659
2.4648216072,0.743544058986
2.47282427476,0.745310841491
2.48082694231,0.747070737835
2.48882960987,0.748823732969
2.49683227743,0.750569812133
2.50483494498,0.752308960854
2.51283761254,0.754041164955
2.52084028009,0.755766410548
2.52884294765,0.757484684043
2.53684561521,0.759195972142
2.54484828276,0.760900261845
2.55285095032,0.762597540448
2.56085361787,0.76428779558
2.56885628543,0.765971015201
2.57685895298,0.767647187531
2.58486162054,0.769316301091
2.5928642881,0.770978344709
2.60086695565,0.772633307518
2.60886962321,0.774281178957
2.61687229076,0.775921948775
2.62487495832,0.77755560703
2.63287762588,0.779182144087
2.64088029343,0.780801550624
2.64888296099,0.782413817629
2.65688562854,0.784018936402
2.6648882961,0.785616898558
2.67289096365,0.78720769602
2.68089363121,0.78879132103
2.68889629877,0.790367766142
2.69689896632,0.791937024224
2.70490163388,0.793499088461
2.71290430143,0.795053952359
2.72090696899,0.796601609775
2.72890963655,0.798142054862
2.7369123041,0.799675282083
2.74491497166,0.80120128622
2.75291763921,0.802720062373
2.76092030677,0.804231605961
2.76892297432,0.805735912724
2.77692564188,0.807232978719
2.78492830944,0.808722800324
2.79293097699,0.810205374235
2.80093364455,0.811680697469
2.8089363121,0.813148767362
2.81693897966,0.814609581568
2.82494164722,0.816063138063
2.83294431477,0.817509435139
2.84094698233,0.81894847141
2.84894964988,0.820380245805
2.85695231744,0.821804757575
2.86495498499,0.823222006287
2.87295765255,0.824631991856
2.88096032011,0.826034714519
2.88896298766,0.827430174806
2.89696565522,0.82881837357
2.90496832277,0.830199311977
2.91297099033,0.831572991513
2.92097365789,0.832939413979
2.92897632544,0.834298581491
2.936978993,0.83565049648
2.94498166055,0.836995161692
2.95298432811,0.838332580186
2.96098699567,0.839662755335
2.96898966322,0.840985690823
2.97699233078,0.842301390644
2.98499499833,0.843609859103
2.99299766589,0.844911100815
3.00100033344,0.846205120702
3.009003001,0.847491923993
3.01700566856,0.848771516224
3.02500833611,0.850043903252
3.03301100367,0.851309091278
3.04101367122,0.85256708677
3.04901633878,0.853817896497
3.05701900634,0.855061527526
3.06502167389,0.85629798723
3.07302434145,0.857527283279
3.081027009,0.858749423641
3.08902967656,0.859964416582
3.09703234411,0.861172270664
3.10503501167,0.862372994743
3.11303767923,0.863566597967
3.12104034678,0.864753089775
3.12904301434,0.865932479898
3.13704568189,0.867104778352
3.14504834945,0.868269995443
3.15305101701,0.86942814176
3.16105368456,0.870579228173
3.16905635212,0.871723265838
3.17705901967,0.87286026619
3.18506168723,0.873990240994
3.19306435478,0.875113202269
3.20106702234,0.876229162298
3.2090696899,0.877338133634
3.21707235745,0.878440129106
3.22507502501,0.879535161811
3.23307769256,0.880623245119
3.24108036012,0.881704392661
3.24908302768,0.882778618339
3.25708569523,0.883845936314
3.26508836279,0.884906361009
3.27309103034,0.885959907106
3.2810936979,0.887006589545
3.28909636546,0.888046423519
3.29709903301,0.889079424473
3.30510170057,0.890105608105
3.31310436812,0.891124990358
3.32110703568,0.892137587424
3.32910970323,0.893143415736
3.33711237079,0.894142492004
3.34511503835,0.895134833208
3.3531177059,0.896120456516
3.36112037346,0.897099379336
3.36912304101,0.898071619307
3.37712570857,0.8990371943
3.38512837613,0.899996122414
3.39313104368,0.900948421978
3.40113371124,0.901894111541
3.40913637879,0.902833209876
3.41713904635,0.903765735975
3.4251417139,0.904691709046
3.43314438146,0.905611148512
3.44114704902,0.906524074007
3.44914971657,0.907430505374
3.45715238413,0.908330462661
3.46515505168,0.909223966123
3.47315771924,0.910111036213
3.4811603868,0.910991693583
3.48916305435,0.911865959081
3.49716572191,0.912733853748
3.50516838946,0.913595398815
3.51317105702,0.914450615699
3.52117372457,0.915299526095
3.52917639213,0.916142151903
3.53717905969,0.916978515125
3.54518172724,0.917808637943
3.5531843948,0.918632542716
3.56118706235,0.91945025198
3.56918972991,0.92026178844
3.57719239747,0.921067174971
3.58519506502,0.921866434615
3.59319773258,0.922659590578
3.60120040013,0.923446666226
3.60920306769,0.924227685084
3.61720573525,0.925002670832
3.6252084028,0.925771647303
3.63321107036,0.92653463848
3.64121373791,0.927291668492
3.64921640547,0.928042761615
3.65721907302,0.928787942263
3.66522174058,0.929527234992
3.67322440814,0.93026066449
3.68122707569,0.930988255581
3.68922974325,0.931710033218
3.6972324108,0.932426022482
3.70523507836,0.933136248639
3.71323774592,0.93384073707
3.72124041347,0.93453951324
3.72924308103,0.935232602735
3.73724574858,0.935920031254
3.74524841614,0.93660182461
3.75325108369,0.937278008725
3.76125375125,0.937948609627
3.76925641881,0.93861365345
3.77725908636,0.939273166426
3.78526175392,0.939927174891
3.79326442147,0.940575705271
3.80126708903,0.94121878409
3.80926975659,0.941856437958
3.81727242414,0.942488693576
3.8252750917,0.943115577728
3.83327775925,0.94373711728
3.84128042681,0.944353339177
3.84928309436,0.944964270444
3.85728576192,0.945569938174
3.86528842948,0.946170369535
3.87329109703,0.946765591763
3.88129376459,0.947355632161
3.88929643214,0.947940518126
3.8972990997,0.948520277108
3.90530176726,0.949094936598
3.91330443481,0.949664524145
3.92130710237,0.950229067352
3.92930976992,0.950788593871
3.93731243748,0.951343131404
3.94531510504,0.951892707697
3.95331777259,0.95243735054
3.96132044015,0.952977087762
3.9693231077,0.953511947232
3.97732577526,0.954041956852
3.98532844281,0.954567144559
3.99333111037,0.955087538319
4.00133377793,0.955603166126
4.00933644548,0.956114056001
4.01733911304,0.956620235984
4.02534178059,0.957121734139
4.03334444815,0.957618578548
4.04134711571,0.958110797307
4.04934978326,0.958598418526
4.05735245082,0.959081470326
4.06535511837,0.959559980834
4.07335778593,0.960033978173
4.08136045348,0.960503490473
4.08936312104,0.960968545873
4.0973657886,0.961429172506
4.10536845615,0.961885398507
4.11337112371,0.962337252001
4.12137379126,0.962784761107
4.12937645882,0.963227953934
4.13737912638,0.963666858577
4.14538179393,0.964101503121
4.15338446149,0.964531915628
4.16138712904,0.964958124147
4.1693897966,0.965380156702
4.17739246415,0.965798041297
4.18539513171,0.966211805909
4.19339779927,0.96662147849
4.20140046682,0.967027086961
4.20940313438,0.967428659214
4.21740580193,0.967826223105
4.22540846949,0.968219806459
4.23341113705,0.968609437062
4.2414138046,0.968995142661
4.24941647216,0.969376950955
4.25741913971,0.969754889544
4.26542180727,0.970128986022
4.27342447482,0.970499267945
4.28142714238,0.970865762819
4.28942980994,0.971228498102
4.29743247749,0.971587501194
4.30543514505,0.971942799444
4.3134378126,0.972294420144
4.32144048016,0.972642390525
4.32944314772,0.972986737761
4.33744581527,0.973327488963
4.34544848283,0.973664671179
4.35345115038,0.973998311392
4.36145381794,0.974328436519
4.3694564855,0.974655073408
4.37745915305,0.974978248839
4.38546182061,0.975297989521
4.39346448816,0.975614322089
4.40146715572,0.975927273105
4.40946982327,0.976236869056
4.41747249083,0.976543136353
4.42547515839,0.976846101328
4.43347782594,0.977145790215
4.4414804935,0.977442229094
4.44948316105,0.977735444022
4.45748582861,0.978025460981
4.46548849617,0.978312305866
4.47349116372,0.978596004484
4.48149383128,0.978876582552
4.48949649883,0.979154065698
4.49749916639,0.979428479456
4.50550183394,0.979699849269
4.5135045015,0.979968200485
4.52150716906,0.980233558357
4.52950983661,0.980495948041
4.53751250417,0.980755394599
4.54551517172,0.981011922989
4.55351783928,0.981265558075
4.56152050684,0.981516324616
4.56952317439,0.981764247275
4.57752584195,0.982009350607
4.5855285095,0.982251659069
4.59353117706,0.982491197012
4.60153384461,0.98272798868
4.60953651217,0.982962058216
4.61753917973,0.983193429621
4.62554184728,0.983422126716
4.63354451484,0.983648173286
4.64154718239,0.983871593013
4.64954984995,0.984092409463
4.65755251751,0.984310646094
4.66555518506,0.984526326245
4.67355785262,0.984739473144
4.68156052017,0.984950109904
4.68956318773,0.985158259521
4.69756585529,0.985363944876
4.70556852284,0.985567188732
4.7135711904,0.985768013734
4.72157385795,0.985966442411
4.72957652551,0.986162497172
4.73757919306,0.986356200306
4.74558186062,0.986547573985
4.75358452818,0.986736640259
4.76158719573,0.986923421058
4.76958986329,0.987107938191
4.77759253084,0.987290213347
4.7855951984,0.987470268092
4.79359786596,0.987648123871
4.80160053351,0.987823801978
4.80960320107,0.987997323542
4.81760586862,0.988168709615
4.82560853618,0.988337981121
4.83361120373,0.988505158861
4.84161387129,0.988670263505
4.84961653885,0.9888333156
4.8576192064,0.98899433556
4.86562187396,0.989153343675
4.87362454151,0.989310360103
4.88162720907,0.989465404875
4.88962987663,0.989618497891
4.89763254418,0.989769658924
4.90563521174,0.989918907613
4.91363787929,0.990066263471
4.92164054685,0.990211745876
4.9296432144,0.990355374079
4.93764588196,0.990497167206
4.94564854952,0.990637144297
4.95365121707,0.990775324234
4.96165388463,0.990911725761
4.96965655218,0.991046367493
4.97765921974,0.991179267917
4.9856618873,0.991310445388
4.99366455485,0.991439918135
5.00166722241,0.991567704257
5.00966988996,0.991693821724
5.01767255752,0.991818288377
5.02567522508,0.991941121929
5.03367789263,0.992062339966
5.04168056019,0.992181959944
5.04968322774,0.992299999192
5.0576858953,0.992416474912
5.06568856285,0.992531404178
5.07369123041,0.992644803936
5.08169389797,0.99275669095
5.08969656552,0.992867081868
5.09769923308,0.992975993234
5.10570190063,0.993083441463
5.11370456819,0.993189442841
5.12170723575,0.993294013524
5.1297099033,0.993397169543
5.13771257086,0.993498926798
5.14571523841,0.993599301062
5.15371790597,0.99369830798
5.16172057352,0.993795963072
5.16972324108,0.993892281726
5.17772590864,0.993987279208
5.18572857619,0.994080970654
5.19373124375,0.994173371074
5.2017339113,0.994264495352
5.20973657886,0.994354358248
5.21773924642,0.994442974404
5.22574191397,0.994530358346
5.23374458153,0.994616524464
5.24174724908,0.994701487024
5.24974991664,0.994785260169
5.25775258419,0.994867857918
5.26575525175,0.994949294168
5.27375791931,0.995029582695
5.28176058686,0.995108737151
5.28976325442,0.995186771069
5.29776592197,0.99526369786
5.30576858953,0.995339530815
5.31377125709,0.995414283106
5.32177392464,0.995487967784
5.3297765922,0.995560597783
5.33777925975,0.995632185917
5.34578192731,0.995702744883
5.35378459486,0.99577228726
5.36178726242,0.995840825506
5.36978992998,0.995908371963
5.37779259753,0.99597493886
5.38579526509,0.996040538313
5.39379793264,0.996105182318
5.4018006002,0.99616888276
5.40980326776,0.99623165141
5.41780593531,0.996293499926
5.42580860287,0.996354439852
5.43381127042,0.996414482621
5.44181393798,0.996473639554
5.44981660554,0.996531921862
5.45781927309,0.996589340646
5.46582194065,0.996645906896
5.4738246082,0.996701631494
5.48182727576,0.996756525213
5.48982994331,0.996810598718
5.49783261087,0.99686386256
5.50583527843,0.996916327186
5.51383794598,0.99696800294
5.52184061354,0.997018900057
5.52984328109,0.997069028671
5.53784594865,0.997118398808
5.54584861621,0.997167020393
5.55385128376,0.997214903246
5.56185395132,0.997262057084
5.56985661887,0.997308491524
5.57785928643,0.99735421608
5.58586195398,0.997399240165
5.59386462154,0.997443573094
5.6018672891,0.997487224079
5.60986995665,0.997530202237
5.61787262421,0.997572516584
5.62587529176,0.997614176038
5.63387795932,0.99765518943
5.64188062688,0.997695565492
5.64988329443,0.99773531286
5.65788596199,0.997774440073
5.66588862954,0.997812955576
5.6738912971,0.99785086772
5.68189396465,0.997888184766
5.68989663221,0.997924914881
5.69789929977,0.99796106614
5.70590196732,0.99799664653
5.71390463488,0.998031663946
5.72190730243,0.998066126195
5.72990996999,0.998100040993
5.73791263755,0.998133415972
5.7459153051,0.998166258674
5.75391797266,0.998198576555
5.76192064021,0.998230376984
5.76992330777,0.998261667237
5.77792597533,0.998292454539
5.78592864288,0.998322745992
5.79393131044,0.998352548629
5.80193397799,0.998381869401
5.80993664555,0.998410715178
5.8179393131,0.998439092748
5.82594198066,0.998467008818
5.83394464822,0.998494470015
5.84194731577,0.998521482888
5.84994998333,0.998548053907
5.85795265088,0.998574189463
5.86595531844,0.99859989587
5.873957986,0.998625179367
5.88196065355,0.998650046116
5.88996332111,0.998674502202
5.89796598866,0.998698553639
5.90596865622,0.998722206363
5.91397132377,0.998745466244
5.92197399133,0.998768339077
5.92997665889,0.998790830582
5.93797932644,0.99881294641
5.945981994,0.998834692141
5.95398466155,0.998856073282
5.96198732911,0.998877095275
5.96998999667,0.998897763491
5.97799266422,0.998918083233
5.98599533178,0.998938059736
5.99399799933,0.99895769817
6.00200066689,0.998977003635
6.01000333444,0.99899598117
6.018006002,0.999014635746
6.02600866956,0.99903297227
6.03401133711,0.999050995594
6.04201400467,0.999068710502
6.05001667222,0.999086121715
6.05801933978,0.999103233893
6.06602200734,0.999120051632
6.07402467489,0.999136579471
6.08202734245,0.999152821886
6.09003001,0.999168783297
6.09803267756,0.999184468064
6.10603534512,0.999199880487
6.11403801267,0.999215024813
6.12204068023,0.999229905228
6.13004334778,0.999244525863
6.13804601534,0.999258890796
6.14604868289,0.999273004046
6.15405135045,0.999286869579
6.16205401801,0.999300491306
6.17005668556,0.999313873085
6.17805935312,0.999327018723
6.18606202067,0.999339931973
6.19406468823,0.999352616538
6.20206735579,0.999365076069
6.21007002334,0.999377314167
6.2180726909,0.999389334383
6.22607535845,0.999401140218
6.23407802601,0.999412735125
6.24208069356,0.999424122508
6.25008336112,0.999435305726
6.25808602868,0.999446288087
6.26608869623,0.999457072854
6.27409136379,0.999467663241
6.28209403134,0.999478062417
6.2900966989,0.999488273508
6.29809936646,0.999498299595
6.30610203401,0.999508143714
6.31410470157,0.999517808858
6.32210736912,0.999527297979
6.33011003668,0.999536613983
6.33811270423,0.999545759736
6.34611537179,0.999554738063
6.35411803935,0.999563551747
6.3621207069,0.99957220353
6.37012337446,0.999580696116
6.37812604201,0.999589032168
6.38612870957,0.999597214309
6.39413137713,0.999605245121
6.40213404468,0.99961312715
6.41013671224,0.999620862906
6.41813937979,0.999628454859
6.42614204735,0.999635905444
6.4341447149,0.99964321706
6.44214738246,0.999650392069
6.45015005002,0.999657432798
6.45815271757,0.999664341539
6.46615538513,0.999671120551
6.47415805268,0.999677772056
6.48216072024,0.999684298245
6.4901633878,0.999690701274
6.49816605535,0.999696983268
6.50616872291,0.999703146316
6.51417139046,0.999709192476
6.52217405802,0.999715123775
6.53017672558,0.999720942207
6.53817939313,0.999726649738
6.54618206069,0.999732248303
6.55418472824,0.999737739807
6.5621873958,0.999743126123
6.57019006335,0.999748409098
6.57819273091,0.999753590548
6.58619539847,0.999758672263
6.59419806602,0.999763656001
6.60220073358,0.999768543496
6.61020340113,0.999773336452
6.61820606869,0.999778036548
6.62620873625,0.999782645479
6.6342114038,0.999787164768
6.64221407136,0.999791596077
6.65021673891,0.99979594098
6.65821940647,0.999800201024
6.66622207402,0.999804377732
6.67422474158,0.999808472603
6.68222740914,0.999812487111
6.69023007669,0.999816422706
6.69823274425,0.999820280818
6.7062354118,0.999824062848
6.71423807936,0.999827770181
6.72224074692,0.999831404173
6.73024341447,0.999834966162
6.73824608203,0.999838457463
6.74624874958,0.999841879368
6.75425141714,0.999845233151
6.76225408469,0.999848520062
6.77025675225,0.999851741331
6.77825941981,0.999854898168
6.78626208736,0.999857991763
6.79426475492,0.999861023285
6.80226742247,0.999863993885
6.81027009003,0.999866904694
6.81827275759,0.999869756824
6.82627542514,0.999872551368
6.8342780927,0.999875289401
6.84228076025,0.999877971981
6.85028342781,0.999880600148
6.85828609537,0.999883174923
6.86628876292,0.999885697311
6.87429143048,0.999888168299
6.88229409803,0.99989058886
6.89029676559,0.999892959936
6.89829943314,0.999895282461
6.9063021007,0.999897557356
6.91430476826,0.999899785524
6.92230743581,0.999901967854
6.93031010337,0.999904105222
6.93831277092,0.999906198487
6.94631543848,0.999908248494
6.95431810604,0.999910256072
6.96232077359,0.999912222041
6.97032344115,0.999914147201
6.9783261087,0.999916032345
6.98632877626,0.999917878248
6.99433144381,0.999919685675
7.00233411137,0.999921455378
7.01033677893,0.999923188095
7.01833944648,0.999924884556
7.02634211404,0.999926545451
7.03434478159,0.999928171445
7.04234744915,0.999929763219
7.05035011671,0.999931321442
7.05835278426,0.999932846771
7.06635545182,0.999934339853
7.07435811937,0.999935801323
7.08236078693,0.999937231804
7.09036345448,0.999938631911
7.09836612204,0.999940002246
7.1063687896,0.999941343403
7.11437145715,0.999942655965
7.12237412471,0.999943940505
7.13037679226,0.999945197587
7.13837945982,0.999946427767
7.14638212738,0.999947631591
7.15438479493,0.999948809596
7.16238746249,0.999949962303
7.17039013004,0.999951090179
7.1783927976,0.999952193714
7.18639546516,0.999953273399
7.19439813271,0.999954329713
7.20240080027,0.99995536313
7.21040346782,0.999956374112
7.21840613538,0.999957363117
7.22640880293,0.999958330591
7.23441147049,0.999959276974
7.24241413805,0.999960202699
7.2504168056,0.999961108192
7.25841947316,0.999961993869
7.26642214071,0.999962860142
7.27442480827,0.999963707416
7.28242747583,0.999964536087
7.29043014338,0.999965346548
7.29843281094,0.999966139182
7.30643547849,0.999966914336
7.31443814605,0.999967672347
7.3224408136,0.99996841357
7.33044348116,0.999969138353
7.33844614872,0.999969847036
7.34644881627,0.999970539956
7.35445148383,0.99997121744
7.36245415138,0.999971879814
7.37045681894,0.999972527393
7.3784594865,0.999973160489
7.38646215405,0.999973779409
7.39446482161,0.999974384455
7.40246748916,0.999974975921
7.41047015672,0.999975554099
7.41847282427,0.999976119276
7.42647549183,0.999976671732
7.43447815939,0.999977211745
7.44248082694,0.999977739577
7.4504834945,0.999978255456
7.45848616205,0.999978759635
7.46648882961,0.999979252361
7.47449149717,0.999979733878
7.48249416472,0.999980204426
7.49049683228,0.999980664241
7.49849949983,0.999981113553
7.50650216739,0.999981552588
7.51450483494,0.999981981569
7.5225075025,0.999982400714
7.53051017006,0.999982810238
7.53851283761,0.999983210352
7.54651550517,0.999983601264
7.55451817272,0.999983983176
7.56252084028,0.999984356289
7.57052350784,0.999984720801
7.57852617539,0.999985076904
7.58652884295,0.999985424767
7.5945315105,0.99998576456
7.60253417806,0.999986096458
7.61053684562,0.999986420635
7.61853951317,0.999986737259
7.62654218073,0.999987046497
7.63454484828,0.99998734851
7.64254751584,0.999987643458
7.65055018339,0.999987931496
7.65855285095,0.999988212779
7.66655551851,0.999988487455
7.67455818606,0.999988755673
7.68256085362,0.999989017575
7.69056352117,0.999989273304
7.69856618873,0.999989522999
7.70656885629,0.999989766789
7.71457152384,0.999990004804
7.7225741914,0.999990237172
7.73057685895,0.999990464021
7.73857952651,0.999990685473
7.74658219406,0.999990901652
7.75458486162,0.999991112675
7.76258752918,0.999991318661
7.77059019673,0.999991519724
7.77859286429,0.999991715977
7.78659553184,0.999991907531
7.7945981994,0.999992094493
7.80260086696,0.999992276973
7.81060353451,0.999992455073
7.81860620207,0.999992628898
7.82660886962,0.999992798534
7.83461153718,0.999992964073
7.84261420473,0.99999312561
7.85061687229,0.999993283236
7.85861953985,0.99999343704
7.8666222074,0.999993587111
7.87462487496,0.999993733535
7.88262754251,0.999993876396
7.89063021007,0.999994015777
7.89863287763,0.99999415176
7.90663554518,0.999994284423
7.91463821274,0.999994413845
7.92264088029,0.999994540103
7.93064354785,0.999994663272
7.93864621541,0.999994783425
7.94664888296,0.999994900625
7.95465155052,0.999995014941
7.96265421807,0.999995126439
7.97065688563,0.999995235185
7.97865955318,0.999995341243
7.98666222074,0.999995444677
7.9946648883,0.999995545548
8.00266755585,0.999995643916
8.01067022341,0.999995739842
8.01867289096,0.999995833383
8.02667555852,0.999995924596
8.03467822608,0.999996013536
8.04268089363,0.99999610026
8.05068356119,0.99999618482
8.05868622874,0.999996267269
8.0666888963,0.999996347652
8.07469156385,0.999996426017
8.08269423141,0.999996502413
8.09069689897,0.999996576886
8.09869956652,0.999996649483
8.10670223408,0.999996720248
8.11470490163,0.999996789226
8.12270756919,0.999996856461
8.13071023675,0.999996921994
8.1387129043,0.999996985867
8.14671557186,0.999997048122
8.15471823941,0.999997108797
8.16272090697,0.999997167934
8.17072357452,0.999997225569
8.17872624208,0.999997281865
8.18672890964,0.999997336567
8.19473157719,0.999997389879
8.20273424475,0.999997441834
8.2107369123,0.999997492462
8.21873957986,0.999997541796
8.22674224742,0.999997589866
8.23474491497,0.999997636703
8.24274758253,0.999997682334
8.25075025008,0.999997726792
8.25875291764,0.999997770103
8.2667555852,0.999997812296
8.27475825275,0.9999978534
8.28276092031,0.999997893442
8.29076358786,0.999997932449
8.29876625542,0.999997970447
8.30676892297,0.999998007456
8.31477159053,0.999998043501
8.32277425809,0.999998078606
8.33077692564,0.999998112794
8.3387795932,0.999998146088
8.34678226075,0.999998178512
8.35478492831,0.999998210086
8.36278759587,0.999998240834
8.37079026342,0.999998270774
8.37879293098,0.999998299929
8.38679559853,0.999998328319
8.39479826609,0.999998355962
8.40280093364,0.999998382877
8.4108036012,0.999998409084
8.41880626876,0.9999984346
8.42680893631,0.999998459442
8.43481160387,0.999998483628
8.44281427142,0.999998507176
8.45081693898,0.999998530103
8.45881960654,0.999998552425
8.46682227409,0.999998574156
8.47482494165,0.999998595312
8.4828276092,0.999998615908
8.49083027676,0.999998635956
8.49883294431,0.999998655471
8.50683561187,0.999998674466
8.51483827943,0.999998692952
8.52284094698,0.999998710942
8.53084361454,0.999998728448
8.53884628209,0.99999874548
8.54684894965,0.999998762049
8.55485161721,0.999998778164
8.56285428476,0.999998793836
8.57085695232,0.999998809074
8.57885961987,0.999998823899
8.58686228743,0.999998838325
8.59486495498,0.999998852362
8.60286762254,0.99999886602
8.6108702901,0.999998879309
8.61887295765,0.999998892238
8.62687562521,0.999998904817
8.63487829276,0.999998917054
8.64288096032,0.999998928958
8.65088362788,0.999998940537
8.65888629543,0.999998951799
8.66688896299,0.99999896275
8.67489163054,0.999998973399
8.6828942981,0.999998983752
8.69089696566,0.999998993816
8.69889963321,0.999999003596
8.70690230077,0.999999013098
8.71490496832,0.999999022337
8.72290763588,0.999999031323
8.73091030343,0.999999040062
8.73891297099,0.999999048561
8.74691563855,0.999999056826
8.7549183061,0.999999064864
8.76292097366,0.999999072681
8.77092364121,0.999999080282
8.77892630877,0.999999087673
8.78692897633,0.99999909486
8.79493164388,0.999999101847
8.80293431144,0.999999108639
8.81093697899,0.999999115242
8.81893964655,0.999999121658
8.8269423141,0.999999127894
8.83494498166,0.999999133952
8.84294764922,0.999999140374
8.85095031677,0.999999145978
8.85895298433,0.999999151442
8.86695565188,0.99999915677
8.87495831944,0.999999161962
8.882960987,0.999999167021
8.89096365455,0.99999917195
8.89896632211,0.999999176748
8.90696898966,0.99999918142
8.91497165722,0.999999185966
8.92297432477,0.999999190389
8.93097699233,0.999999194691
8.93897965989,0.999999198873
8.94698232744,0.999999202937
8.954984995,0.999999206886
8.96298766255,0.99999921072
8.97099033011,0.999999214444
8.97899299767,0.999999218057
8.98699566522,0.999999221565
8.99499833278,0.999999224973
9.00300100033,0.999999228282
9.01100366789,0.999999231495
9.01900633545,0.999999234616
9.027009003,0.999999237645
9.03501167056,0.999999240586
9.04301433811,0.999999243441
9.05101700567,0.999999246212
9.05901967322,0.999999248902
9.06702234078,0.999999251513
9.07502500834,0.999999254049
9.08302767589,0.99999925651
9.09103034345,0.9999992589
9.099033011,0.999999261221
9.10703567856,0.999999263476
9.11503834612,0.999999265667
9.12304101367,0.999999267796
9.13104368123,0.999999269866
9.13904634878,0.999999271875
9.14704901634,0.999999273824
9.15505168389,0.999999275714
9.16305435145,0.999999277547
9.17105701901,0.999999279324
9.17905968656,0.999999281048
9.18706235412,0.99999928272
9.19506502167,0.999999284343
9.20306768923,0.999999285917
9.21107035679,0.999999287445
9.21907302434,0.999999288929
9.2270756919,0.999999290371
9.23507835945,0.999999291772
9.24308102701,0.999999293134
9.25108369456,0.999999294459
9.25908636212,0.999999295748
9.26708902968,0.999999297005
9.27509169723,0.99999929823
9.28309436479,0.999999299425
9.29109703234,0.999999300586
9.2990996999,0.999999301712
9.30710236746,0.999999302804
9.31510503501,0.999999303863
9.32310770257,0.99999930489
9.33111037012,0.999999305885
9.33911303768,0.99999930685
9.34711570524,0.999999307786
9.35511837279,0.999999308693
9.36312104035,0.999999309572
9.3711237079,0.999999310426
9.37912637546,0.999999311254
9.38712904301,0.999999312057
9.39513171057,0.999999312837
9.40313437813,0.999999313594
9.41113704568,0.999999314329
9.41913971324,0.999999315044
9.42714238079,0.99999931574
9.43514504835,0.999999317046
9.44314771591,0.999999317606
9.45115038346,0.999999318155
9.45915305102,0.999999318694
9.46715571857,0.999999319222
9.47515838613,0.99999931974
9.48316105368,0.999999320246
9.49116372124,0.999999320742
9.4991663888,0.999999321227
9.50716905635,0.999999321702
9.51517172391,0.999999322166
9.52317439146,0.999999322619
9.53117705902,0.999999323061
9.53917972658,0.999999323492
9.54718239413,0.999999323913
9.55518506169,0.999999324323
9.56318772924,0.999999324722
9.5711903968,0.999999325111
9.57919306435,0.999999325489
9.58719573191,0.999999325856
9.59519839947,0.999999326213
9.60320106702,0.999999326561
9.61120373458,0.999999326899
9.61920640213,0.999999327228
9.62720906969,0.999999327547
9.63521173725,0.999999327857
9.6432144048,0.999999328157
9.65121707236,0.999999328448
9.65921973991,0.999999328729
9.66722240747,0.999999329001
9.67522507503,0.999999329264
9.68322774258,0.999999329516
9.69123041014,0.99999932976
9.69923307769,0.999999329994
9.70723574525,0.999999330218
9.7152384128,0.999999330433
9.72324108036,0.999999330638
9.73124374792,0.999999330834
9.73924641547,0.999999331022
9.74724908303,0.999999331206
9.75525175058,0.999999331385
9.76325441814,0.999999331558
9.7712570857,0.999999331727
9.77925975325,0.99999933189
9.78726242081,0.999999332048
9.79526508836,0.999999332202
9.80326775592,0.99999933235
9.81127042347,0.999999332493
9.81927309103,0.999999332631
9.82727575859,0.999999332764
9.83527842614,0.999999332892
9.8432810937,0.999999333015
9.85128376125,0.999999333133
9.85928642881,0.999999333246
9.86728909637,0.999999333354
9.87529176392,0.999999333457
9.88329443148,0.999999333555
9.89129709903,0.999999333651
9.89929976659,0.999999333745
9.90730243414,0.999999333836
9.9153051017,0.999999333925
9.92330776926,0.999999334012
9.93131043681,0.999999334096
9.93931310437,0.999999334178
9.94731577192,0.999999334258
9.95531843948,0.999999334335
9.96332110704,0.99999933441
9.97132377459,0.999999334482
9.97932644215,0.999999334552
9.9873291097,0.99999933462
9.99533177726,0.999999334685
10.0033344448,0.999999334749
10.0113371124,0.999999334809
10.0193397799,0.999999334868
10.0273424475,0.999999334924
10.035345115,0.999999334978
10.0433477826,0.999999335032
10.0513504502,0.999999335084
10.0593531177,0.999999335135
10.0673557853,0.999999335184
10.0753584528,0.999999335233
10.0833611204,0.99999933528
10.0913637879,0.999999335326
10.0993664555,0.99999933537
10.107369123,0.999999335413
10.1153717906,0.999999335455
10.1233744582,0.999999335496
10.1313771257,0.999999335535
10.1393797933,0.999999335574
10.1473824608,0.999999335611
10.1553851284,0.999999335646
10.1633877959,0.99999933568
10.1713904635,0.999999335714
10.179393131,0.999999335746
10.1873957986,0.999999335778
10.1953984662,0.999999335809
10.2034011337,0.999999335839
10.2114038013,0.999999335868
10.2194064688,0.999999335896
10.2274091364,0.999999335924
10.2354118039,0.999999335951
10.2434144715,0.999999335976
10.251417139,0.999999336002
10.2594198066,0.999999336026
10.2674224742,0.999999336049
10.2754251417,0.999999336072
10.2834278093,0.999999336093
10.2914304768,0.999999336114
10.2994331444,0.999999336134
10.3074358119,0.999999336153
10.3154384795,0.999999336172
10.323441147,0.99999933619
10.3314438146,0.999999336208
10.3394464822,0.999999336225
10.3474491497,0.999999336242
10.3554518173,0.999999336258
10.3634544848,0.999999336274
10.3714571524,0.999999336289
10.3794598199,0.999999336304
10.3874624875,0.999999336318
10.3954651551,0.999999336332
10.4034678226,0.999999336345
10.4114704902,0.999999336358
10.4194731577,0.99999933637
10.4274758253,0.999999336381
10.4354784928,0.999999336392
10.4434811604,0.999999336403
10.4514838279,0.999999336414
10.4594864955,0.999999336424
10.4674891631,0.999999336433
10.4754918306,0.999999336443
10.4834944982,0.999999336452
10.4914971657,0.999999336461
10.4994998333,0.99999933647
10.5075025008,0.999999336478
10.5155051684,0.999999336486
10.5235078359,0.999999336494
10.5315105035,0.999999336502
10.5395131711,0.999999336509
10.5475158386,0.999999336516
10.5555185062,0.999999336523
10.5635211737,0.999999336529
10.5715238413,0.999999336535
10.5795265088,0.999999336541
10.5875291764,0.999999336547
10.5955318439,0.999999336553
10.6035345115,0.999999336558
10.6115371791,0.999999336564
10.6195398466,0.999999336569
10.6275425142,0.999999336574
10.6355451817,0.999999336579
10.6435478493,0.999999336584
10.6515505168,0.999999336588
10.6595531844,0.999999336593
10.667555852,0.999999336597
10.6755585195,0.999999336601
10.6835611871,0.999999336605
10.6915638546,0.999999336609
10.6995665222,0.999999336612
10.7075691897,0.999999336617
10.7155718573,0.999999336624
10.7235745248,0.99999933663
10.7315771924,0.999999336636
10.73957986,0.999999336642
10.7475825275,0.999999336648
10.7555851951,0.999999336654
10.7635878626,0.99999933666
10.7715905302,0.999999336666
10.7795931977,0.999999336671
10.7875958653,0.999999336677
10.7955985328,0.999999336682
10.8036012004,0.999999336688
10.811603868,0.999999336693
10.8196065355,0.999999336698
10.8276092031,0.999999336703
10.8356118706,0.999999336708
10.8436145382,0.999999336713
10.8516172057,0.999999336718
10.8596198733,0.999999336722
10.8676225408,0.999999336727
10.8756252084,0.999999336731
10.883627876,0.999999336736
10.8916305435,0.99999933674
10.8996332111,0.999999336744
10.9076358786,0.999999336749
10.9156385462,0.999999336753
10.9236412137,0.999999336756
10.9316438813,0.99999933676
10.9396465488,0.999999336764
10.9476492164,0.999999336768
10.955651884,0.999999336771
10.9636545515,0.999999336775
10.9716572191,0.999999336778
10.9796598866,0.999999336781
10.9876625542,0.999999336784
10.9956652217,0.999999336788
11.0036678893,0.999999336791
11.0116705569,0.999999336793
11.0196732244,0.999999336796
11.027675892,0.999999336799
11.0356785595,0.999999336802
11.0436812271,0.999999336804
11.0516838946,0.999999336806
11.0596865622,0.999999336809
11.0676892297,0.999999336811
11.0756918973,0.999999336813
11.0836945649,0.999999336815
11.0916972324,0.999999336817
11.0996999,0.999999336819
11.1077025675,0.999999336821
11.1157052351,0.999999336822
11.1237079026,0.999999336824
11.1317105702,0.999999336825
11.1397132377,0.999999336827
11.1477159053,0.999999336828
11.1557185729,0.999999336829
11.1637212404,0.99999933683
11.171723908,0.999999336831
11.1797265755,0.999999336832
11.1877292431,0.999999336833
11.1957319106,0.999999336834
11.2037345782,0.999999336835
11.2117372457,0.999999336835
11.2197399133,0.999999336836
11.2277425809,0.999999336836
11.2357452484,0.999999336836
11.243747916,0.999999336836
11.2517505835,0.999999336836
11.2597532511,0.999999336836
11.2677559186,0.999999336836
11.2757585862,0.999999336836
11.2837612538,0.999999336836
11.2917639213,0.999999336835
11.2997665889,0.999999336835
11.3077692564,0.999999336834
11.315771924,0.999999336834
11.3237745915,0.999999336833
11.3317772591,0.999999336832
11.3397799266,0.999999336831
11.3477825942,0.99999933683
11.3557852618,0.999999336829
11.3637879293,0.999999336827
11.3717905969,0.999999336826
11.3797932644,0.999999336825
11.387795932,0.999999336823
11.3957985995,0.999999336821
11.4038012671,0.99999933682
11.4118039346,0.999999336818
11.4198066022,0.999999336816
11.4278092698,0.999999336814
11.4358119373,0.999999336812
11.4438146049,0.99999933681
11.4518172724,0.999999336807
11.45981994,0.999999336805
11.4678226075,0.999999336806
11.4758252751,0.999999336806
11.4838279426,0.999999336806
11.4918306102,0.999999336807
11.4998332778,0.999999336807
11.5078359453,0.999999336808
11.5158386129,0.999999336808
11.5238412804,0.999999336808
11.531843948,0.999999336808
11.5398466155,0.999999336809
11.5478492831,0.999999336809
11.5558519507,0.999999336809
11.5638546182,0.999999336809
11.5718572858,0.999999336809
11.5798599533,0.999999336809
11.5878626209,0.999999336809
11.5958652884,0.999999336809
11.603867956,0.999999336809
11.6118706235,0.999999336809
11.6198732911,0.999999336809
11.6278759587,0.999999336809
11.6358786262,0.999999336809
11.6438812938,0.999999336809
11.6518839613,0.999999336808
11.6598866289,0.999999336808
11.6678892964,0.999999336808
11.675891964,0.999999336807
11.6838946315,0.999999336807
11.6918972991,0.999999336807
11.6998999667,0.999999336806
11.7079026342,0.999999336806
11.7159053018,0.999999336805
11.7239079693,0.999999336805
11.7319106369,0.999999336804
11.7399133044,0.999999336804
11.747915972,0.999999336803
11.7559186395,0.999999336803
11.7639213071,0.999999336802
11.7719239747,0.999999336801
11.7799266422,0.9999993368
11.7879293098,0.9999993368
11.7959319773,0.999999336799
11.8039346449,0.999999336798
11.8119373124,0.999999336797
11.81993998,0.999999336796
11.8279426475,0.999999336795
11.8359453151,0.999999336794
11.8439479827,0.999999336793
11.8519506502,0.999999336792
11.8599533178,0.999999336791
11.8679559853,0.99999933679
11.8759586529,0.999999336789
11.8839613204,0.999999336788
11.891963988,0.999999336787
11.8999666556,0.999999336786
11.9079693231,0.999999336784
11.9159719907,0.999999336783
11.9239746582,0.999999336782
11.9319773258,0.99999933678
11.9399799933,0.999999336779
11.9479826609,0.999999336778
11.9559853284,0.999999336776
11.963987996,0.999999336775
11.9719906636,0.999999336773
11.9799933311,0.999999336772
11.9879959987,0.99999933677
11.9959986662,0.999999336769
12.0040013338,0.999999336767
12.0120040013,0.999999336765
12.0200066689,0.999999336764
12.0280093364,0.999999336762
12.036012004,0.99999933676
12.0440146716,0.999999336758
12.0520173391,0.999999336757
12.0600200067,0.999999336755
12.0680226742,0.999999336753
12.0760253418,0.999999336751
12.0840280093,0.999999336749
12.0920306769,0.999999336747
12.1000333444,0.999999336745
12.108036012,0.999999336743
12.1160386796,0.999999336741
12.1240413471,0.999999336739
12.1320440147,0.999999336737
12.1400466822,0.999999336734
12.1480493498,0.999999336732
12.1560520173,0.99999933673
12.1640546849,0.999999336728
12.1720573525,0.999999336725
12.18006002,0.999999336723
12.1880626876,0.999999336721
12.1960653551,0.999999336718
12.2040680227,0.999999336716
12.2120706902,0.999999336714
12.2200733578,0.999999336716
12.2280760253,0.999999336715
12.2360786929,0.999999336713
12.2440813605,0.999999336712
12.252084028,0.999999336711
12.2600866956,0.99999933671
12.2680893631,0.999999336709
12.2760920307,0.999999336708
12.2840946982,0.999999336707
12.2920973658,0.999999336706
12.3001000333,0.999999336705
12.3081027009,0.999999336703
12.3161053685,0.999999336702
12.324108036,0.999999336701
12.3321107036,0.9999993367
12.3401133711,0.999999336699
12.3481160387,0.999999336698
12.3561187062,0.999999336697
12.3641213738,0.999999336696
12.3721240413,0.999999336695
12.3801267089,0.999999336693
12.3881293765,0.999999336692
12.396132044,0.999999336691
12.4041347116,0.99999933669
12.4121373791,0.999999336689
12.4201400467,0.999999336688
12.4281427142,0.999999336687
12.4361453818,0.999999336686
12.4441480493,0.999999336685
12.4521507169,0.999999336683
12.4601533845,0.999999336682
12.468156052,0.999999336681
12.4761587196,0.99999933668
12.4841613871,0.999999336679
12.4921640547,0.999999336678
12.5001667222,0.999999336677
12.5081693898,0.999999336676
12.5161720574,0.999999336674
12.5241747249,0.999999336673
12.5321773925,0.999999336672
12.54018006,0.999999336671
12.5481827276,0.99999933667
12.5561853951,0.999999336669
12.5641880627,0.999999336668
12.5721907302,0.999999336667
12.5801933978,0.999999336666
12.5881960654,0.999999336664
12.5961987329,0.999999336663
12.6042014005,0.999999336662
12.612204068,0.999999336661
12.6202067356,0.99999933666
12.6282094031,0.999999336659
12.6362120707,0.999999336658
12.6442147382,0.999999336657
12.6522174058,0.999999336656
12.6602200734,0.999999336654
12.6682227409,0.999999336653
12.6762254085,0.999999336652
12.684228076,0.999999336651
12.6922307436,0.99999933665
12.7002334111,0.999999336649
12.7082360787,0.999999336648
12.7162387462,0.999999336647
12.7242414138,0.999999336646
12.7322440814,0.999999336644
12.7402467489,0.999999336643
12.7482494165,0.999999336642
12.756252084,0.999999336641
12.7642547516,0.99999933664
12.7722574191,0.999999336639
12.7802600867,0.999999336638
12.7882627543,0.999999336637
12.7962654218,0.999999336635
12.8042680894,0.999999336634
12.8122707569,0.999999336633
12.8202734245,0.999999336632
12.828276092,0.999999336631
12.8362787596,0.99999933663
12.8442814271,0.999999336629
12.8522840947,0.999999336628
12.8602867623,0.999999336627
12.8682894298,0.999999336625
12.8762920974,0.999999336624
12.8842947649,0.999999336623
12.8922974325,0.999999336622
12.9003001,0.999999336621
12.9083027676,0.99999933662
12.9163054351,0.999999336619
12.9243081027,0.999999336618
12.9323107703,0.999999336617
12.9403134378,0.999999336615
12.9483161054,0.999999336614
12.9563187729,0.999999336613
12.9643214405,0.999999336612
12.972324108,0.999999336611
12.9803267756,0.999999336611
12.9883294431,0.999999336611
12.9963321107,0.999999336611
13.0043347783,0.999999336611
13.0123374458,0.999999336611
13.0203401134,0.999999336611
13.0283427809,0.999999336611
13.0363454485,0.999999336611
13.044348116,0.999999336611
13.0523507836,0.999999336611
13.0603534512,0.999999336611
13.0683561187,0.999999336611
13.0763587863,0.999999336611
13.0843614538,0.999999336611
13.0923641214,0.99999933661
13.1003667889,0.99999933661
13.1083694565,0.99999933661
13.116372124,0.99999933661
13.1243747916,0.99999933661
13.1323774592,0.99999933661
13.1403801267,0.99999933661
13.1483827943,0.99999933661
13.1563854618,0.99999933661
13.1643881294,0.99999933661
13.1723907969,0.99999933661
13.1803934645,0.99999933661
13.188396132,0.99999933661
13.1963987996,0.99999933661
13.2044014672,0.99999933661
13.2124041347,0.99999933661
13.2204068023,0.99999933661
13.2284094698,0.99999933661
13.2364121374,0.99999933661
13.2444148049,0.99999933661
13.2524174725,0.99999933661
13.26042014,0.99999933661
13.2684228076,0.99999933661
13.2764254752,0.99999933661
13.2844281427,0.99999933661
13.2924308103,0.99999933661
13.3004334778,0.99999933661
13.3084361454,0.99999933661
13.3164388129,0.99999933661
13.3244414805,0.99999933661
13.332444148,0.99999933661
13.3404468156,0.99999933661
13.3484494832,0.99999933661
13.3564521507,0.99999933661
13.3644548183,0.99999933661
13.3724574858,0.99999933661
13.3804601534,0.99999933661
13.3884628209,0.99999933661
13.3964654885,0.99999933661
13.4044681561,0.99999933661
13.4124708236,0.99999933661
13.4204734912,0.99999933661
13.4284761587,0.99999933661
13.4364788263,0.99999933661
13.4444814938,0.99999933661
13.4524841614,0.99999933661
13.4604868289,0.99999933661
13.4684894965,0.99999933661
13.4764921641,0.99999933661
13.4844948316,0.99999933661
13.4924974992,0.99999933661
13.5005001667,0.99999933661
13.5085028343,0.99999933661
13.5165055018,0.99999933661
13.5245081694,0.99999933661
13.5325108369,0.99999933661
13.5405135045,0.99999933661
13.5485161721,0.99999933661
13.5565188396,0.99999933661
13.5645215072,0.99999933661
13.5725241747,0.99999933661
13.5805268423,0.99999933661
13.5885295098,0.99999933661
13.5965321774,0.99999933661
13.6045348449,0.999999336609
13.6125375125,0.999999336609
13.6205401801,0.999999336609
13.6285428476,0.999999336609
13.6365455152,0.999999336609
13.6445481827,0.999999336609
13.6525508503,0.999999336609
13.6605535178,0.999999336609
13.6685561854,0.999999336609
13.676558853,0.999999336609
13.6845615205,0.999999336609
13.6925641881,0.999999336609
13.7005668556,0.999999336609
13.7085695232,0.999999336609
13.7165721907,0.999999336609
13.7245748583,0.999999336609
13.7325775258,0.999999336609
13.7405801934,0.999999336609
13.748582861,0.999999336609
13.7565855285,0.999999336609
13.7645881961,0.999999336609
13.7725908636,0.999999336609
13.7805935312,0.999999336609
13.7885961987,0.999999336609
13.7965988663,0.999999336609
13.8046015338,0.999999336609
13.8126042014,0.999999336609
13.820606869,0.999999336609
13.8286095365,0.999999336609
13.8366122041,0.999999336609
13.8446148716,0.999999336609
13.8526175392,0.999999336609
13.8606202067,0.999999336609
13.8686228743,0.999999336609
13.8766255418,0.999999336609
13.8846282094,0.999999336609
13.892630877,0.999999336609
13.9006335445,0.999999336609
13.9086362121,0.999999336609
13.9166388796,0.999999336609
13.9246415472,0.999999336609
13.9326442147,0.999999336609
13.9406468823,0.999999336609
13.9486495498,0.999999336609
13.9566522174,0.999999336609
13.964654885,0.999999336609
13.9726575525,0.999999336609
13.9806602201,0.999999336609
13.9886628876,0.999999336609
13.9966655552,0.999999336609
14.0046682227,0.999999336609
14.0126708903,0.999999336609
14.0206735579,0.999999336609
14.0286762254,0.999999336609
14.036678893,0.999999336609
14.0446815605,0.999999336609
14.0526842281,0.999999336609
14.0606868956,0.999999336609
14.0686895632,0.999999336609
14.0766922307,0.999999336609
14.0846948983,0.999999336609
14.0926975659,0.999999336609
14.1007002334,0.999999336609
14.108702901,0.999999336609
14.1167055685,0.999999336609
14.1247082361,0.999999336608
14.1327109036,0.999999336608
14.1407135712,0.999999336608
14.1487162387,0.999999336608
14.1567189063,0.999999336608
14.1647215739,0.999999336608
14.1727242414,0.999999336608
14.180726909,0.999999336608
14.1887295765,0.999999336608
14.1967322441,0.999999336608
14.2047349116,0.999999336608
14.2127375792,0.999999336608
14.2207402467,0.999999336608
14.2287429143,0.999999336608
14.2367455819,0.999999336608
14.2447482494,0.999999336608
14.252750917,0.999999336608
14.2607535845,0.999999336608
14.2687562521,0.999999336608
14.2767589196,0.999999336608
14.2847615872,0.999999336608
14.2927642548,0.999999336608
14.3007669223,0.999999336608
14.3087695899,0.999999336608
14.3167722574,0.999999336608
14.324774925,0.999999336608
14.3327775925,0.999999336608
14.3407802601,0.999999336608
14.3487829276,0.999999336608
14.3567855952,0.999999336608
14.3647882628,0.999999336608
14.3727909303,0.999999336608
14.3807935979,0.999999336608
14.3887962654,0.999999336608
14.396798933,0.999999336608
14.4048016005,0.999999336608
14.4128042681,0.999999336608
14.4208069356,0.999999336608
14.4288096032,0.999999336608
14.4368122708,0.999999336608
14.4448149383,0.999999336608
14.4528176059,0.999999336608
14.4608202734,0.999999336608
14.468822941,0.999999336608
14.4768256085,0.999999336608
14.4848282761,0.999999336608
14.4928309436,0.999999336608
14.5008336112,0.999999336608
14.5088362788,0.999999336608
14.5168389463,0.999999336608
14.5248416139,0.999999336608
14.5328442814,0.999999336608
14.540846949,0.999999336608
14.5488496165,0.999999336608
14.5568522841,0.999999336608
14.5648549517,0.999999336608
14.5728576192,0.999999336608
14.5808602868,0.999999336608
14.5888629543,0.999999336608
14.5968656219,0.999999336608
14.6048682894,0.999999336608
14.612870957,0.999999336608
14.6208736245,0.999999336608
14.6288762921,0.999999336608
14.6368789597,0.999999336607
14.6448816272,0.999999336607
14.6528842948,0.999999336607
14.6608869623,0.999999336607
14.6688896299,0.999999336607
14.6768922974,0.999999336607
14.684894965,0.999999336607
14.6928976325,0.999999336607
14.7009003001,0.999999336607
14.7089029677,0.999999336607
14.7169056352,0.999999336607
14.7249083028,0.999999336607
14.7329109703,0.999999336607
14.7409136379,0.999999336607
14.7489163054,0.999999336607
14.756918973,0.999999336607
14.7649216405,0.999999336607
14.7729243081,0.999999336607
14.7809269757,0.999999336607
14.7889296432,0.999999336607
14.7969323108,0.999999336607
14.8049349783,0.999999336607
14.8129376459,0.999999336607
14.8209403134,0.999999336607
14.828942981,0.999999336607
14.8369456485,0.999999336607
14.8449483161,0.999999336607
14.8529509837,0.999999336607
14.8609536512,0.999999336607
14.8689563188,0.999999336607
14.8769589863,0.999999336607
14.8849616539,0.999999336607
14.8929643214,0.999999336607
14.900966989,0.999999336607
14.9089696566,0.999999336607
14.9169723241,0.999999336607
14.9249749917,0.999999336607
14.9329776592,0.999999336607
14.9409803268,0.999999336607
14.9489829943,0.999999336607
14.9569856619,0.999999336607
14.9649883294,0.999999336607
14.972990997,0.999999336607
14.9809936646,0.999999336607
14.9889963321,0.999999336607
14.9969989997,0.999999336607
15.0050016672,0.999999336607
15.0130043348,0.999999336607
15.0210070023,0.999999336607
15.0290096699,0.999999336607
15.0370123374,0.999999336607
15.045015005,0.999999336607
15.0530176726,0.999999336607
15.0610203401,0.999999336607
15.0690230077,0.999999336607
15.0770256752,0.999999336607
15.0850283428,0.999999336607
15.0930310103,0.999999336607
15.1010336779,0.999999336607
15.1090363454,0.999999336607
15.117039013,0.999999336607
15.1250416806,0.999999336607
15.1330443481,0.999999336607
15.1410470157,0.999999336607
15.1490496832,0.999999336606
15.1570523508,0.999999336606
15.1650550183,0.999999336606
15.1730576859,0.999999336606
15.1810603535,0.999999336606
15.189063021,0.999999336606
15.1970656886,0.999999336606
15.2050683561,0.999999336606
15.2130710237,0.999999336606
15.2210736912,0.999999336606
15.2290763588,0.999999336606
15.2370790263,0.999999336606
15.2450816939,0.999999336606
15.2530843615,0.999999336606
15.261087029,0.999999336606
15.2690896966,0.999999336606
15.2770923641,0.999999336606
15.2850950317,0.999999336606
15.2930976992,0.999999336606
15.3011003668,0.999999336606
15.3091030343,0.999999336606
15.3171057019,0.999999336606
15.3251083695,0.999999336606
15.333111037,0.999999336606
15.3411137046,0.999999336606
15.3491163721,0.999999336606
15.3571190397,0.999999336606
15.3651217072,0.999999336606
15.3731243748,0.999999336606
15.3811270423,0.999999336606
15.3891297099,0.999999336606
15.3971323775,0.999999336606
15.405135045,0.999999336606
15.4131377126,0.999999336606
15.4211403801,0.999999336606
15.4291430477,0.999999336606
15.4371457152,0.999999336606
15.4451483828,0.999999336606
15.4531510504,0.999999336606
15.4611537179,0.999999336606
15.4691563855,0.999999336606
15.477159053,0.999999336606
15.4851617206,0.999999336606
15.4931643881,0.999999336606
15.5011670557,0.999999336606
15.5091697232,0.999999336606
15.5171723908,0.999999336606
15.5251750584,0.999999336606
15.5331777259,0.999999336606
15.5411803935,0.999999336606
15.549183061,0.999999336606
15.5571857286,0.999999336606
15.5651883961,0.999999336606
15.5731910637,0.999999336606
15.5811937312,0.999999336606
15.5891963988,0.999999336606
15.5971990664,0.999999336606
15.6052017339,0.999999336606
15.6132044015,0.999999336606
15.621207069,0.999999336606
15.6292097366,0.999999336606
15.6372124041,0.999999336606
15.6452150717,0.999999336606
15.6532177392,0.999999336606
15.6612204068,0.999999336605
15.6692230744,0.999999336605
15.6772257419,0.999999336605
15.6852284095,0.999999336605
15.693231077,0.999999336605
15.7012337446,0.999999336605
15.7092364121,0.999999336605
15.7172390797,0.999999336605
15.7252417472,0.999999336605
15.7332444148,0.999999336605
15.7412470824,0.999999336605
15.7492497499,0.999999336605
15.7572524175,0.999999336605
15.765255085,0.999999336605
15.7732577526,0.999999336605
15.7812604201,0.999999336605
15.7892630877,0.999999336605
15.7972657553,0.999999336605
15.8052684228,0.999999336605
15.8132710904,0.999999336605
15.8212737579,0.999999336605
15.8292764255,0.999999336605
15.837279093,0.999999336605
15.8452817606,0.999999336605
15.8532844281,0.999999336605
15.8612870957,0.999999336605
15.8692897633,0.999999336605
15.8772924308,0.999999336605
15.8852950984,0.999999336605
15.8932977659,0.999999336605
15.9013004335,0.999999336605
15.909303101,0.999999336605
15.9173057686,0.999999336605
15.9253084361,0.999999336605
15.9333111037,0.999999336605
15.9413137713,0.999999336605
15.9493164388,0.999999336605
15.9573191064,0.999999336605
15.9653217739,0.999999336605
15.9733244415,0.999999336605
15.981327109,0.999999336605
15.9893297766,0.999999336605
15.9973324441,0.999999336605
16.0053351117,0.999999336605
16.0133377793,0.999999336605
16.0213404468,0.999999336605
16.0293431144,0.999999336605
16.0373457819,0.999999336605
16.0453484495,0.999999336605
16.053351117,0.999999336605
16.0613537846,0.999999336605
16.0693564522,0.999999336605
16.0773591197,0.999999336605
16.0853617873,0.999999336605
16.0933644548,0.999999336605
16.1013671224,0.999999336605
16.1093697899,0.999999336605
16.1173724575,0.999999336605
16.125375125,0.999999336605
16.1333777926,0.999999336605
16.1413804602,0.999999336605
16.1493831277,0.999999336605
16.1573857953,0.999999336605
16.1653884628,0.999999336605
16.1733911304,0.999999336605
16.1813937979,0.999999336604
16.1893964655,0.999999336604
16.197399133,0.999999336604
16.2054018006,0.999999336604
16.2134044682,0.999999336604
16.2214071357,0.999999336604
16.2294098033,0.999999336604
16.2374124708,0.999999336604
16.2454151384,0.999999336604
16.2534178059,0.999999336604
16.2614204735,0.999999336604
16.269423141,0.999999336604
16.2774258086,0.999999336604
16.2854284762,0.999999336604
16.2934311437,0.999999336604
16.3014338113,0.999999336604
16.3094364788,0.999999336604
16.3174391464,0.999999336604
16.3254418139,0.999999336604
16.3334444815,0.999999336604
16.341447149,0.999999336604
16.3494498166,0.999999336604
16.3574524842,0.999999336604
16.3654551517,0.999999336604
16.3734578193,0.999999336604
16.3814604868,0.999999336604
16.3894631544,0.999999336604
16.3974658219,0.999999336604
16.4054684895,0.999999336604
16.4134711571,0.999999336604
16.4214738246,0.999999336604
16.4294764922,0.999999336604
16.4374791597,0.999999336604
16.4454818273,0.999999336604
16.4534844948,0.999999336604
16.4614871624,0.999999336604
16.4694898299,0.999999336604
16.4774924975,0.999999336604
16.4854951651,0.999999336604
16.4934978326,0.999999336604
16.5015005002,0.999999336604
16.5095031677,0.999999336604
16.5175058353,0.999999336604
16.5255085028,0.999999336604
16.5335111704,0.999999336604
16.5415138379,0.999999336604
16.5495165055,0.999999336604
16.5575191731,0.999999336604
16.5655218406,0.999999336604
16.5735245082,0.999999336604
16.5815271757,0.999999336604
16.5895298433,0.999999336604
16.5975325108,0.999999336604
16.6055351784,0.999999336604
16.6135378459,0.999999336604
16.6215405135,0.999999336604
16.6295431811,0.999999336604
16.6375458486,0.999999336604
16.6455485162,0.999999336604
16.6535511837,0.999999336604
16.6615538513,0.999999336604
16.6695565188,0.999999336604
16.6775591864,0.999999336604
16.685561854,0.999999336604
16.6935645215,0.999999336603
16.7015671891,0.999999336603
16.7095698566,0.999999336603
16.7175725242,0.999999336603
16.7255751917,0.999999336603
16.7335778593,0.999999336603
16.7415805268,0.999999336603
16.7495831944,0.999999336603
16.757585862,0.999999336603
16.7655885295,0.999999336603
16.7735911971,0.999999336603
16.7815938646,0.999999336603
16.7895965322,0.999999336603
16.7975991997,0.999999336603
16.8056018673,0.999999336603
16.8136045348,0.999999336603
16.8216072024,0.999999336603
16.82960987,0.999999336603
16.8376125375,0.999999336603
16.8456152051,0.999999336603
16.8536178726,0.999999336603
16.8616205402,0.999999336603
16.8696232077,0.999999336603
16.8776258753,0.999999336603
16.8856285428,0.999999336603
16.8936312104,0.999999336603
16.901633878,0.999999336603
16.9096365455,0.999999336603
16.9176392131,0.999999336603
16.9256418806,0.999999336603
16.9336445482,0.999999336603
16.9416472157,0.999999336603
16.9496498833,0.999999336603
16.9576525509,0.999999336603
16.9656552184,0.999999336603
16.973657886,0.999999336603
16.9816605535,0.999999336603
16.9896632211,0.999999336603
16.9976658886,0.999999336603
17.0056685562,0.999999336603
17.0136712237,0.999999336603
17.0216738913,0.999999336603
17.0296765589,0.999999336603
17.0376792264,0.999999336603
17.045681894,0.999999336603
17.0536845615,0.999999336603
17.0616872291,0.999999336603
17.0696898966,0.999999336603
17.0776925642,0.999999336603
17.0856952317,0.999999336603
17.0936978993,0.999999336603
17.1017005669,0.999999336603
17.1097032344,0.999999336603
17.117705902,0.999999336603
17.1257085695,0.999999336603
17.1337112371,0.999999336603
17.1417139046,0.999999336603
17.1497165722,0.999999336603
17.1577192397,0.999999336603
17.1657219073,0.999999336603
17.1737245749,0.999999336603
17.1817272424,0.999999336603
17.18972991,0.999999336603
17.1977325775,0.999999336603
17.2057352451,0.999999336602
17.2137379126,0.999999336602
17.2217405802,0.999999336602
17.2297432477,0.999999336602
17.2377459153,0.999999336602
17.2457485829,0.999999336602
17.2537512504,0.999999336602
17.261753918,0.999999336602
17.2697565855,0.999999336602
17.2777592531,0.999999336602
17.2857619206,0.999999336602
17.2937645882,0.999999336602
17.3017672558,0.999999336602
17.3097699233,0.999999336602
17.3177725909,0.999999336602
17.3257752584,0.999999336602
17.333777926,0.999999336602
17.3417805935,0.999999336602
17.3497832611,0.999999336602
17.3577859286,0.999999336602
17.3657885962,0.999999336602
17.3737912638,0.999999336602
17.3817939313,0.999999336602
17.3897965989,0.999999336602
17.3977992664,0.999999336602
17.405801934,0.999999336602
17.4138046015,0.999999336602
17.4218072691,0.999999336602
17.4298099366,0.999999336602
17.4378126042,0.999999336602
17.4458152718,0.999999336602
17.4538179393,0.999999336602
17.4618206069,0.999999336602
17.4698232744,0.999999336602
17.477825942,0.999999336602
17.4858286095,0.999999336602
17.4938312771,0.999999336602
17.5018339446,0.999999336602
17.5098366122,0.999999336602
17.5178392798,0.999999336602
17.5258419473,0.999999336602
17.5338446149,0.999999336602
17.5418472824,0.999999336602
17.54984995,0.999999336602
17.5578526175,0.999999336602
17.5658552851,0.999999336602
17.5738579527,0.999999336602
17.5818606202,0.999999336602
17.5898632878,0.999999336602
17.5978659553,0.999999336602
17.6058686229,0.999999336602
17.6138712904,0.999999336602
17.621873958,0.999999336602
17.6298766255,0.999999336602
17.6378792931,0.999999336602
17.6458819607,0.999999336602
17.6538846282,0.999999336602
17.6618872958,0.999999336602
17.6698899633,0.999999336602
17.6778926309,0.999999336602
17.6858952984,0.999999336602
17.693897966,0.999999336602
17.7019006335,0.999999336602
17.7099033011,0.999999336602
17.7179059687,0.999999336601
17.7259086362,0.999999336601
17.7339113038,0.999999336601
17.7419139713,0.999999336601
17.7499166389,0.999999336601
17.7579193064,0.999999336601
17.765921974,0.999999336601
17.7739246415,0.999999336601
17.7819273091,0.999999336601
17.7899299767,0.999999336601
17.7979326442,0.999999336601
17.8059353118,0.999999336601
17.8139379793,0.999999336601
17.8219406469,0.999999336601
17.8299433144,0.999999336601
17.837945982,0.999999336601
17.8459486495,0.999999336601
17.8539513171,0.999999336601
17.8619539847,0.999999336601
17.8699566522,0.999999336601
17.8779593198,0.999999336601
17.8859619873,0.999999336601
17.8939646549,0.999999336601
17.9019673224,0.999999336601
17.90996999,0.999999336601
17.9179726576,0.999999336601
17.9259753251,0.999999336601
17.9339779927,0.999999336601
17.9419806602,0.999999336601
17.9499833278,0.999999336601
17.9579859953,0.999999336601
17.9659886629,0.999999336601
17.9739913304,0.999999336601
17.981993998,0.999999336601
17.9899966656,0.999999336601
17.9979993331,0.999999336601
18.0060020007,0.999999336601
18.0140046682,0.999999336601
18.0220073358,0.999999336601
18.0300100033,0.999999336601
18.0380126709,0.999999336601
18.0460153384,0.999999336601
18.054018006,0.999999336601
18.0620206736,0.999999336601
18.0700233411,0.999999336601
18.0780260087,0.999999336601
18.0860286762,0.999999336601
18.0940313438,0.999999336601
18.1020340113,0.999999336601
18.1100366789,0.999999336601
18.1180393464,0.999999336601
18.126042014,0.999999336601
18.1340446816,0.999999336601
18.1420473491,0.999999336601
18.1500500167,0.999999336601
18.1580526842,0.999999336601
18.1660553518,0.999999336601
18.1740580193,0.999999336601
18.1820606869,0.999999336601
18.1900633545,0.999999336601
18.198066022,0.999999336601
18.2060686896,0.999999336601
18.2140713571,0.999999336601
18.2220740247,0.999999336601
18.2300766922,0.999999336601
18.2380793598,0.9999993366
18.2460820273,0.9999993366
18.2540846949,0.9999993366
18.2620873625,0.9999993366
18.27009003,0.9999993366
18.2780926976,0.9999993366
18.2860953651,0.9999993366
18.2940980327,0.9999993366
18.3021007002,0.9999993366
18.3101033678,0.9999993366
18.3181060353,0.9999993366
18.3261087029,0.9999993366
18.3341113705,0.9999993366
18.342114038,0.9999993366
18.3501167056,0.9999993366
18.3581193731,0.9999993366
18.3661220407,0.9999993366
18.3741247082,0.9999993366
18.3821273758,0.9999993366
18.3901300433,0.9999993366
18.3981327109,0.9999993366
18.4061353785,0.9999993366
18.414138046,0.9999993366
18.4221407136,0.9999993366
18.4301433811,0.9999993366
18.4381460487,0.9999993366
18.4461487162,0.9999993366
18.4541513838,0.9999993366
18.4621540514,0.9999993366
18.4701567189,0.9999993366
18.4781593865,0.9999993366
18.486162054,0.9999993366
18.4941647216,0.9999993366
18.5021673891,0.9999993366
18.5101700567,0.9999993366
18.5181727242,0.9999993366
18.5261753918,0.9999993366
18.5341780594,0.9999993366
18.5421807269,0.9999993366
18.5501833945,0.9999993366
18.558186062,0.9999993366
18.5661887296,0.9999993366
18.5741913971,0.9999993366
18.5821940647,0.9999993366
18.5901967322,0.9999993366
18.5981993998,0.9999993366
18.6062020674,0.9999993366
18.6142047349,0.9999993366
18.6222074025,0.9999993366
18.63021007,0.9999993366
18.6382127376,0.9999993366
18.6462154051,0.9999993366
18.6542180727,0.9999993366
18.6622207402,0.9999993366
18.6702234078,0.9999993366
18.6782260754,0.9999993366
18.6862287429,0.9999993366
18.6942314105,0.9999993366
18.702234078,0.9999993366
18.7102367456,0.9999993366
18.7182394131,0.9999993366
18.7262420807,0.9999993366
18.7342447482,0.9999993366
18.7422474158,0.9999993366
18.7502500834,0.999999336599
18.7582527509,0.999999336599
18.7662554185,0.999999336599
18.774258086,0.999999336599
18.7822607536,0.999999336599
18.7902634211,0.999999336599
18.7982660887,0.999999336599
18.8062687563,0.999999336599
18.8142714238,0.999999336599
18.8222740914,0.999999336599
18.8302767589,0.999999336599
18.8382794265,0.999999336599
18.846282094,0.999999336599
18.8542847616,0.999999336599
18.8622874291,0.999999336599
18.8702900967,0.999999336599
18.8782927643,0.999999336599
18.8862954318,0.999999336599
18.8942980994,0.999999336599
18.9023007669,0.999999336599
18.9103034345,0.999999336599
18.918306102,0.999999336599
18.9263087696,0.999999336599
18.9343114371,0.999999336599
18.9423141047,0.999999336599
18.9503167723,0.999999336599
18.9583194398,0.999999336599
18.9663221074,0.999999336599
18.9743247749,0.999999336599
18.9823274425,0.999999336599
18.99033011,0.999999336599
18.9983327776,0.999999336599
19.0063354451,0.999999336599
19.0143381127,0.999999336599
19.0223407803,0.999999336599
19.0303434478,0.999999336599
19.0383461154,0.999999336599
19.0463487829,0.999999336599
19.0543514505,0.999999336599
19.062354118,0.999999336599
19.0703567856,0.999999336599
19.0783594532,0.999999336599
19.0863621207,0.999999336599
19.0943647883,0.999999336599
19.1023674558,0.999999336599
19.1103701234,0.999999336599
19.1183727909,0.999999336599
19.1263754585,0.999999336599
19.134378126,0.999999336599
19.1423807936,0.999999336599
19.1503834612,0.999999336599
19.1583861287,0.999999336599
19.1663887963,0.999999336599
19.1743914638,0.999999336599
19.1823941314,0.999999336599
19.1903967989,0.999999336599
19.1983994665,0.999999336599
19.206402134,0.999999336599
19.2144048016,0.999999336599
19.2224074692,0.999999336599
19.2304101367,0.999999336599
19.2384128043,0.999999336599
19.2464154718,0.999999336599
19.2544181394,0.999999336599
19.2624208069,0.999999336598
19.2704234745,0.999999336598
19.278426142,0.999999336598
19.2864288096,0.999999336598
19.2944314772,0.999999336598
19.3024341447,0.999999336598
19.3104368123,0.999999336598
19.3184394798,0.999999336598
19.3264421474,0.999999336598
19.3344448149,0.999999336598
19.3424474825,0.999999336598
19.3504501501,0.999999336598
19.3584528176,0.999999336598
19.3664554852,0.999999336598
19.3744581527,0.999999336598
19.3824608203,0.999999336598
19.3904634878,0.999999336598
19.3984661554,0.999999336598
19.4064688229,0.999999336598
19.4144714905,0.999999336598
19.4224741581,0.999999336598
19.4304768256,0.999999336598
19.4384794932,0.999999336598
19.4464821607,0.999999336598
19.4544848283,0.999999336598
19.4624874958,0.999999336598
19.4704901634,0.999999336598
19.4784928309,0.999999336598
19.4864954985,0.999999336598
19.4944981661,0.999999336598
19.5025008336,0.999999336598
19.5105035012,0.999999336598
19.5185061687,0.999999336598
19.5265088363,0.999999336598
19.5345115038,0.999999336598
19.5425141714,0.999999336598
19.5505168389,0.999999336598
19.5585195065,0.999999336598
19.5665221741,0.999999336598
19.5745248416,0.999999336598
19.5825275092,0.999999336598
19.5905301767,0.999999336598
19.5985328443,0.999999336598
19.6065355118,0.999999336598
19.6145381794,0.999999336598
19.6225408469,0.999999336598
19.6305435145,0.999999336598
19.6385461821,0.999999336598
19.6465488496,0.999999336598
19.6545515172,0.999999336598
19.6625541847,0.999999336598
19.6705568523,0.999999336598
19.6785595198,0.999999336598
19.6865621874,0.999999336598
19.694564855,0.999999336598
19.7025675225,0.999999336598
19.7105701901,0.999999336598
19.7185728576,0.999999336598
19.7265755252,0.999999336598
19.7345781927,0.999999336598
19.7425808603,0.999999336598
19.7505835278,0.999999336598
19.7585861954,0.999999336598
19.766588863,0.999999336598
19.7745915305,0.999999336597
19.7825941981,0.999999336597
19.7905968656,0.999999336597
19.7985995332,0.999999336597
19.8066022007,0.999999336597
19.8146048683,0.999999336597
19.8226075358,0.999999336597
19.8306102034,0.999999336597
19.838612871,0.999999336597
19.8466155385,0.999999336597
19.8546182061,0.999999336597
19.8626208736,0.999999336597
19.8706235412,0.999999336597
19.8786262087,0.999999336597
19.8866288763,0.999999336597
19.8946315438,0.999999336597
19.9026342114,0.999999336597
19.910636879,0.999999336597
19.9186395465,0.999999336597
19.9266422141,0.999999336597
19.9346448816,0.999999336597
19.9426475492,0.999999336597
19.9506502167,0.999999336597
19.9586528843,0.999999336597
19.9666555519,0.999999336597
19.9746582194,0.999999336597
19.982660887,0.999999336597
19.9906635545,0.999999336597
19.9986662221,0.999999336597
20.0066688896,0.999999336597
20.0146715572,0.999999336597
20.0226742247,0.999999336597
20.0306768923,0.999999336597
20.0386795599,0.999999336597
20.0466822274,0.999999336597
20.054684895,0.999999336597
20.0626875625,0.999999336597
20.0706902301,0.999999336597
20.0786928976,0.999999336597
20.0866955652,0.999999336597
20.0946982327,0.999999336597
20.1027009003,0.999999336597
20.1107035679,0.999999336597
20.1187062354,0.999999336597
20.126708903,0.999999336597
20.1347115705,0.999999336597
20.1427142381,0.999999336597
20.1507169056,0.999999336597
20.1587195732,0.999999336597
20.1667222407,0.999999336597
20.1747249083,0.999999336597
20.1827275759,0.999999336597
20.1907302434,0.999999336597
20.198732911,0.999999336597
20.2067355785,0.999999336597
20.2147382461,0.999999336597
20.2227409136,0.999999336597
20.2307435812,0.999999336597
20.2387462487,0.999999336597
20.2467489163,0.999999336597
20.2547515839,0.999999336597
20.2627542514,0.999999336597
20.270756919,0.999999336597
20.2787595865,0.999999336597
20.2867622541,0.999999336597
20.2947649216,0.999999336596
20.3027675892,0.999999336596
20.3107702568,0.999999336596
20.3187729243,0.999999336596
20.3267755919,0.999999336596
20.3347782594,0.999999336596
20.342780927,0.999999336596
20.3507835945,0.999999336596
20.3587862621,0.999999336596
20.3667889296,0.999999336596
20.3747915972,0.999999336596
20.3827942648,0.999999336596
20.3907969323,0.999999336596
20.3987995999,0.999999336596
20.4068022674,0.999999336596
20.414804935,0.999999336596
20.4228076025,0.999999336596
20.4308102701,0.999999336596
20.4388129376,0.999999336596
20.4468156052,0.999999336596
20.4548182728,0.999999336596
20.4628209403,0.999999336596
20.4708236079,0.999999336596
20.4788262754,0.999999336596
20.486828943,0.999999336596
20.4948316105,0.999999336596
20.5028342781,0.999999336596
20.5108369456,0.999999336595
20.5188396132,0.999999336595
20.5268422808,0.999999336594
20.5348449483,0.999999336594
20.5428476159,0.999999336593
20.5508502834,0.999999336593
20.558852951,0.999999336593
20.5668556185,0.999999336592
20.5748582861,0.999999336592
20.5828609537,0.999999336591
20.5908636212,0.999999336591
20.5988662888,0.99999933659
20.6068689563,0.99999933659
20.6148716239,0.99999933659
20.6228742914,0.999999336589
20.630876959,0.999999336589
20.6388796265,0.999999336588
20.6468822941,0.999999336588
20.6548849617,0.999999336587
20.6628876292,0.999999336587
20.6708902968,0.999999336587
20.6788929643,0.999999336586
20.6868956319,0.999999336586
20.6948982994,0.999999336585
20.702900967,0.999999336585
20.7109036345,0.999999336584
20.7189063021,0.999999336584
20.7269089697,0.999999336584
20.7349116372,0.999999336583
20.7429143048,0.999999336583
20.7509169723,0.999999336582
20.7589196399,0.999999336582
20.7669223074,0.999999336581
20.774924975,0.999999336581
20.7829276425,0.999999336581
20.7909303101,0.99999933658
20.7989329777,0.99999933658
20.8069356452,0.999999336579
20.8149383128,0.999999336579
20.8229409803,0.999999336578
20.8309436479,0.999999336578
20.8389463154,0.999999336578
20.846948983,0.999999336577
20.8549516506,0.999999336577
20.8629543181,0.999999336576
20.8709569857,0.999999336576
20.8789596532,0.999999336575
20.8869623208,0.999999336575
20.8949649883,0.999999336575
20.9029676559,0.999999336574
20.9109703234,0.999999336574
20.918972991,0.999999336573
20.9269756586,0.999999336573
20.9349783261,0.999999336572
20.9429809937,0.999999336572
20.9509836612,0.999999336572
20.9589863288,0.999999336571
20.9669889963,0.999999336571
20.9749916639,0.99999933657
20.9829943314,0.99999933657
20.990996999,0.99999933657
20.9989996666,0.999999336569
21.0070023341,0.999999336569
21.0150050017,0.999999336568
21.0230076692,0.999999336568
21.0310103368,0.999999336567
21.0390130043,0.999999336567
21.0470156719,0.999999336567
21.0550183394,0.999999336566
21.063021007,0.999999336566
21.0710236746,0.999999336565
21.0790263421,0.999999336565
21.0870290097,0.999999336564
21.0950316772,0.999999336564
21.1030343448,0.999999336564
21.1110370123,0.999999336563
21.1190396799,0.999999336563
21.1270423474,0.999999336562
21.135045015,0.999999336562
21.1430476826,0.999999336561
21.1510503501,0.999999336561
21.1590530177,0.999999336561
21.1670556852,0.99999933656
21.1750583528,0.99999933656
21.1830610203,0.999999336559
21.1910636879,0.999999336559
21.1990663555,0.999999336558
21.207069023,0.999999336558
21.2150716906,0.999999336558
21.2230743581,0.999999336557
21.2310770257,0.999999336557
21.2390796932,0.999999336556
21.2470823608,0.999999336556
21.2550850283,0.999999336555
21.2630876959,0.999999336555
21.2710903635,0.999999336555
21.279093031,0.999999336554
21.2870956986,0.999999336554
21.2950983661,0.999999336553
21.3031010337,0.999999336553
21.3111037012,0.999999336552
21.3191063688,0.999999336552
21.3271090363,0.999999336552
21.3351117039,0.999999336551
21.3431143715,0.999999336551
21.351117039,0.99999933655
21.3591197066,0.99999933655
21.3671223741,0.999999336549
21.3751250417,0.999999336549
21.3831277092,0.999999336549
21.3911303768,0.999999336548
21.3991330443,0.999999336548
21.4071357119,0.999999336547
21.4151383795,0.999999336547
21.423141047,0.999999336546
21.4311437146,0.999999336546
21.4391463821,0.999999336546
21.4471490497,0.999999336545
21.4551517172,0.999999336545
21.4631543848,0.999999336544
21.4711570524,0.999999336544
21.4791597199,0.999999336543
21.4871623875,0.999999336543
21.495165055,0.999999336543
21.5031677226,0.999999336542
21.5111703901,0.999999336542
21.5191730577,0.999999336541
21.5271757252,0.999999336541
21.5351783928,0.99999933654
21.5431810604,0.99999933654
21.5511837279,0.99999933654
21.5591863955,0.999999336539
21.567189063,0.999999336539
21.5751917306,0.999999336538
21.5831943981,0.999999336538
21.5911970657,0.999999336537
21.5991997332,0.999999336537
21.6072024008,0.999999336537
21.6152050684,0.999999336536
21.6232077359,0.999999336536
21.6312104035,0.999999336535
21.639213071,0.999999336535
21.6472157386,0.999999336534
21.6552184061,0.999999336534
21.6632210737,0.999999336534
21.6712237412,0.999999336533
21.6792264088,0.999999336533
21.6872290764,0.999999336532
21.6952317439,0.999999336532
21.7032344115,0.999999336531
21.711237079,0.999999336531
21.7192397466,0.999999336531
21.7272424141,0.99999933653
21.7352450817,0.99999933653
21.7432477492,0.999999336529
21.7512504168,0.999999336529
21.7592530844,0.999999336528
21.7672557519,0.999999336528
21.7752584195,0.999999336528
21.783261087,0.999999336527
21.7912637546,0.999999336527
21.7992664221,0.999999336526
21.8072690897,0.999999336526
21.8152717573,0.999999336525
21.8232744248,0.999999336525
21.8312770924,0.999999336525
21.8392797599,0.999999336524
21.8472824275,0.999999336524
21.855285095,0.999999336523
21.8632877626,0.999999336523
21.8712904301,0.999999336522
21.8792930977,0.999999336522
21.8872957653,0.999999336522
21.8952984328,0.999999336521
21.9033011004,0.999999336521
21.9113037679,0.99999933652
21.9193064355,0.99999933652
21.927309103,0.999999336519
21.9353117706,0.999999336519
21.9433144381,0.999999336519
21.9513171057,0.999999336518
21.9593197733,0.999999336518
21.9673224408,0.999999336517
21.9753251084,0.999999336517
21.9833277759,0.999999336516
21.9913304435,0.999999336516
21.999333111,0.999999336516
22.0073357786,0.999999336515
22.0153384461,0.999999336515
22.0233411137,0.999999336514
22.0313437813,0.999999336514
22.0393464488,0.999999336513
22.0473491164,0.999999336513
22.0553517839,0.999999336513
22.0633544515,0.999999336512
22.071357119,0.999999336512
22.0793597866,0.999999336511
22.0873624542,0.999999336511
22.0953651217,0.99999933651
22.1033677893,0.99999933651
22.1113704568,0.99999933651
22.1193731244,0.999999336509
22.1273757919,0.999999336509
22.1353784595,0.999999336508
22.143381127,0.999999336508
22.1513837946,0.999999336507
22.1593864622,0.999999336507
22.1673891297,0.999999336507
22.1753917973,0.999999336506
22.1833944648,0.999999336506
22.1913971324,0.999999336505
22.1993997999,0.999999336505
22.2074024675,0.999999336504
22.215405135,0.999999336504
22.2234078026,0.999999336504
22.2314104702,0.999999336503
22.2394131377,0.999999336503
22.2474158053,0.999999336502
22.2554184728,0.999999336502
22.2634211404,0.999999336501
22.2714238079,0.999999336501
22.2794264755,0.999999336501
22.287429143,0.9999993365
22.2954318106,0.9999993365
22.3034344782,0.999999336499
22.3114371457,0.999999336499
22.3194398133,0.999999336498
22.3274424808,0.999999336498
22.3354451484,0.999999336498
22.3434478159,0.999999336497
22.3514504835,0.999999336497
22.3594531511,0.999999336496
22.3674558186,0.999999336496
22.3754584862,0.999999336495
22.3834611537,0.999999336495
22.3914638213,0.999999336495
22.3994664888,0.999999336494
22.4074691564,0.999999336494
22.4154718239,0.999999336493
22.4234744915,0.999999336493
22.4314771591,0.999999336492
22.4394798266,0.999999336492
22.4474824942,0.999999336492
22.4554851617,0.999999336491
22.4634878293,0.999999336491
22.4714904968,0.99999933649
22.4794931644,0.99999933649
22.4874958319,0.999999336489
22.4954984995,0.999999336489
22.5035011671,0.999999336489
22.5115038346,0.999999336488
22.5195065022,0.999999336488
22.5275091697,0.999999336487
22.5355118373,0.999999336487
22.5435145048,0.999999336486
22.5515171724,0.999999336486
22.5595198399,0.999999336486
22.5675225075,0.999999336485
22.5755251751,0.999999336485
22.5835278426,0.999999336484
22.5915305102,0.999999336484
22.5995331777,0.999999336483
22.6075358453,0.999999336483
22.6155385128,0.999999336483
22.6235411804,0.999999336482
22.6315438479,0.999999336482
22.6395465155,0.999999336481
22.6475491831,0.999999336481
22.6555518506,0.99999933648
22.6635545182,0.99999933648
22.6715571857,0.99999933648
22.6795598533,0.999999336479
22.6875625208,0.999999336479
22.6955651884,0.999999336478
22.703567856,0.999999336478
22.7115705235,0.999999336477
22.7195731911,0.999999336477
22.7275758586,0.999999336477
22.7355785262,0.999999336476
22.7435811937,0.999999336476
22.7515838613,0.999999336475
22.7595865288,0.999999336475
22.7675891964,0.999999336475
22.775591864,0.999999336474
22.7835945315,0.999999336474
22.7915971991,0.999999336473
22.7995998666,0.999999336473
22.8076025342,0.999999336472
22.8156052017,0.999999336472
22.8236078693,0.999999336472
22.8316105368,0.999999336471
22.8396132044,0.999999336471
22.847615872,0.99999933647
22.8556185395,0.99999933647
22.8636212071,0.999999336469
22.8716238746,0.999999336469
22.8796265422,0.999999336469
22.8876292097,0.999999336468
22.8956318773,0.999999336468
22.9036345448,0.999999336467
22.9116372124,0.999999336467
22.91963988,0.999999336466
22.9276425475,0.999999336466
22.9356452151,0.999999336466
22.9436478826,0.999999336465
22.9516505502,0.999999336465
22.9596532177,0.999999336464
22.9676558853,0.999999336464
22.9756585529,0.999999336463
22.9836612204,0.999999336463
22.991663888,0.999999336463
22.9996665555,0.999999336462
23.0076692231,0.999999336462
23.0156718906,0.999999336461
23.0236745582,0.999999336461
23.0316772257,0.99999933646
23.0396798933,0.99999933646
23.0476825609,0.99999933646
23.0556852284,0.999999336459
23.063687896,0.999999336459
23.0716905635,0.999999336458
23.0796932311,0.999999336458
23.0876958986,0.999999336457
23.0956985662,0.999999336457
23.1037012337,0.999999336457
23.1117039013,0.999999336456
23.1197065689,0.999999336456
23.1277092364,0.999999336455
23.135711904,0.999999336455
23.1437145715,0.999999336454
23.1517172391,0.999999336454
23.1597199066,0.999999336454
23.1677225742,0.999999336453
23.1757252417,0.999999336453
23.1837279093,0.999999336452
23.1917305769,0.999999336452
23.1997332444,0.999999336451
23.207735912,0.999999336451
23.2157385795,0.999999336451
23.2237412471,0.99999933645
23.2317439146,0.99999933645
23.2397465822,0.999999336449
23.2477492497,0.999999336449
23.2557519173,0.999999336448
23.2637545849,0.999999336448
23.2717572524,0.999999336448
23.27975992,0.999999336447
23.2877625875,0.999999336447
23.2957652551,0.999999336446
23.3037679226,0.999999336446
23.3117705902,0.999999336445
23.3197732578,0.999999336445
23.3277759253,0.999999336445
23.3357785929,0.999999336444
23.3437812604,0.999999336444
23.351783928,0.999999336443
23.3597865955,0.999999336443
23.3677892631,0.999999336442
23.3757919306,0.999999336442
23.3837945982,0.999999336442
23.3917972658,0.999999336441
23.3997999333,0.999999336441
23.4078026009,0.99999933644
23.4158052684,0.99999933644
23.423807936,0.999999336439
23.4318106035,0.999999336439
23.4398132711,0.999999336439
23.4478159386,0.999999336438
23.4558186062,0.999999336438
23.4638212738,0.999999336437
23.4718239413,0.999999336437
23.4798266089,0.999999336436
23.4878292764,0.999999336436
23.495831944,0.999999336436
23.5038346115,0.999999336435
23.5118372791,0.999999336435
23.5198399466,0.999999336434
23.5278426142,0.999999336434
23.5358452818,0.999999336433
23.5438479493,0.999999336433
23.5518506169,0.999999336433
23.5598532844,0.999999336432
23.567855952,0.999999336432
23.5758586195,0.999999336431
23.5838612871,0.999999336431
23.5918639547,0.99999933643
23.5998666222,0.99999933643
23.6078692898,0.99999933643
23.6158719573,0.999999336429
23.6238746249,0.999999336429
23.6318772924,0.999999336428
23.63987996,0.999999336428
23.6478826275,0.999999336427
23.6558852951,0.999999336427
23.6638879627,0.999999336427
23.6718906302,0.999999336426
23.6798932978,0.999999336426
23.6878959653,0.999999336425
23.6958986329,0.999999336425
23.7039013004,0.999999336424
23.711903968,0.999999336424
23.7199066355,0.999999336424
23.7279093031,0.999999336423
23.7359119707,0.999999336423
23.7439146382,0.999999336422
23.7519173058,0.999999336422
23.7599199733,0.999999336421
23.7679226409,0.999999336421
23.7759253084,0.999999336421
23.783927976,0.99999933642
23.7919306435,0.99999933642
23.7999333111,0.999999336419
23.8079359787,0.999999336419
23.8159386462,0.999999336418
23.8239413138,0.999999336418
23.8319439813,0.999999336418
23.8399466489,0.999999336417
23.8479493164,0.999999336417
23.855951984,0.999999336416
23.8639546516,0.999999336416
23.8719573191,0.999999336415
23.8799599867,0.999999336415
23.8879626542,0.999999336415
23.8959653218,0.999999336414
23.9039679893,0.999999336414
23.9119706569,0.999999336413
23.9199733244,0.999999336413
23.927975992,0.999999336412
23.9359786596,0.999999336412
23.9439813271,0.999999336412
23.9519839947,0.999999336411
23.9599866622,0.999999336411
23.9679893298,0.99999933641
23.9759919973,0.99999933641
23.9839946649,0.999999336409
23.9919973324,0.999999336409
24.0,0.999999336409
